create extension if not exists pgcrypto;
create extension if not exists pg_trgm;

create type public.case_status as enum (
  'planned',
  'active',
  'completed',
  'on_hold',
  'cancelled'
);

create type public.plan_step_status as enum (
  'pending',
  'completed',
  'skipped',
  'cancelled'
);

create type public.treatment_template_key as enum (
  'arp_to_implant',
  'gbr_to_implant',
  'iip',
  'healed_ridge',
  'sinus_lift_to_implant'
);

create type public.procedure_type as enum (
  'consultation',
  'extraction',
  'arp',
  'gbr',
  'sinus_lift',
  'implant_placement',
  'stage_2_healing_abutment',
  'impression_scan',
  'provisional',
  'delivery',
  'follow_up',
  'other'
);

create type public.membrane_type as enum (
  'resorbable',
  'non_resorbable'
);

create type public.sinus_lift_approach as enum (
  'lateral_window',
  'crestal_approach'
);

create or replace function public.set_current_timestamp_updated_at()
returns trigger
language plpgsql
as $$
begin
  new.updated_at = now();
  return new;
end;
$$;

create table public.patients (
  id uuid primary key default gen_random_uuid(),
  owner_user_id uuid not null references auth.users(id) on delete cascade,
  full_name text not null,
  phone text,
  birth_date date,
  chart_no text,
  attention_alert text,
  general_notes text,
  created_at timestamptz not null default now(),
  updated_at timestamptz not null default now()
);

create table public.tooth_positions (
  code text primary key,
  label text not null,
  arch text not null check (arch in ('upper', 'lower')),
  quadrant smallint not null,
  sort_order smallint not null unique
);

create table public.treatment_templates (
  key public.treatment_template_key primary key,
  label text not null,
  description text,
  is_active boolean not null default true
);

create table public.treatment_template_steps (
  id uuid primary key default gen_random_uuid(),
  template_key public.treatment_template_key not null references public.treatment_templates(key) on delete cascade,
  step_order integer not null,
  title text not null,
  procedure_type public.procedure_type not null,
  default_offset_days integer,
  default_note text,
  created_at timestamptz not null default now(),
  unique (template_key, step_order)
);

create table public.cases (
  id uuid primary key default gen_random_uuid(),
  case_no bigint generated by default as identity unique,
  owner_user_id uuid not null references auth.users(id) on delete cascade,
  patient_id uuid not null references public.patients(id) on delete cascade,
  tooth_code text not null references public.tooth_positions(code),
  status public.case_status not null default 'active',
  template_key public.treatment_template_key references public.treatment_templates(key),
  title text,
  started_on date,
  target_restoration_on date,
  diagnosis_notes text,
  internal_notes text,
  created_at timestamptz not null default now(),
  updated_at timestamptz not null default now()
);

create table public.case_plan_steps (
  id uuid primary key default gen_random_uuid(),
  owner_user_id uuid not null references auth.users(id) on delete cascade,
  case_id uuid not null references public.cases(id) on delete cascade,
  template_step_id uuid references public.treatment_template_steps(id) on delete set null,
  step_order integer not null,
  title text not null,
  procedure_type public.procedure_type not null,
  planned_date date,
  status public.plan_step_status not null default 'pending',
  note text,
  completed_visit_id uuid,
  completed_at timestamptz,
  created_at timestamptz not null default now(),
  updated_at timestamptz not null default now(),
  unique (case_id, step_order)
);

create table public.visits (
  id uuid primary key default gen_random_uuid(),
  owner_user_id uuid not null references auth.users(id) on delete cascade,
  case_id uuid not null references public.cases(id) on delete cascade,
  plan_step_id uuid references public.case_plan_steps(id) on delete set null,
  visited_on date not null,
  summary text,
  next_note text,
  created_at timestamptz not null default now(),
  updated_at timestamptz not null default now()
);

alter table public.case_plan_steps
  add constraint case_plan_steps_completed_visit_id_fkey
  foreign key (completed_visit_id)
  references public.visits(id)
  on delete set null;

create table public.visit_procedures (
  id uuid primary key default gen_random_uuid(),
  owner_user_id uuid not null references auth.users(id) on delete cascade,
  visit_id uuid not null references public.visits(id) on delete cascade,
  procedure_order integer not null default 1,
  procedure_type public.procedure_type not null,
  procedure_note text,
  implant_brand text,
  implant_model text,
  implant_diameter_mm numeric(4,1),
  implant_length_mm numeric(4,1),
  bone_graft_materials text[] not null default '{}',
  membrane_type public.membrane_type,
  membrane_note text,
  sinus_lift_approach public.sinus_lift_approach,
  extra_data jsonb not null default '{}'::jsonb,
  created_at timestamptz not null default now(),
  updated_at timestamptz not null default now()
);

create table public.case_implants (
  id uuid primary key default gen_random_uuid(),
  owner_user_id uuid not null references auth.users(id) on delete cascade,
  case_id uuid not null unique references public.cases(id) on delete cascade,
  source_visit_procedure_id uuid references public.visit_procedures(id) on delete set null,
  brand text,
  model text,
  diameter_mm numeric(4,1),
  length_mm numeric(4,1),
  placed_on date,
  updated_at timestamptz not null default now()
);

create table public.visit_photos (
  id uuid primary key default gen_random_uuid(),
  owner_user_id uuid not null references auth.users(id) on delete cascade,
  visit_id uuid not null references public.visits(id) on delete cascade,
  case_id uuid not null references public.cases(id) on delete cascade,
  visit_procedure_id uuid references public.visit_procedures(id) on delete set null,
  bucket_name text not null default 'case-photos',
  storage_path text not null unique,
  file_name text not null,
  mime_type text,
  caption text,
  photo_label text,
  sort_order integer not null default 1,
  taken_at timestamptz,
  created_at timestamptz not null default now()
);

create index patients_owner_created_idx on public.patients (owner_user_id, created_at desc);
create index patients_full_name_trgm_idx on public.patients using gin (full_name gin_trgm_ops);
create index cases_owner_created_idx on public.cases (owner_user_id, created_at desc);
create index cases_patient_id_idx on public.cases (patient_id);
create index cases_tooth_code_idx on public.cases (tooth_code);
create index cases_status_idx on public.cases (status);
create index case_plan_steps_case_id_order_idx on public.case_plan_steps (case_id, step_order);
create index case_plan_steps_status_date_idx on public.case_plan_steps (status, planned_date);
create index visits_case_id_date_idx on public.visits (case_id, visited_on desc);
create index visit_procedures_type_idx on public.visit_procedures (procedure_type);
create index visit_procedures_visit_id_idx on public.visit_procedures (visit_id);
create index visit_photos_case_id_created_idx on public.visit_photos (case_id, created_at desc);

create trigger patients_set_updated_at
before update on public.patients
for each row
execute function public.set_current_timestamp_updated_at();

create trigger cases_set_updated_at
before update on public.cases
for each row
execute function public.set_current_timestamp_updated_at();

create trigger case_plan_steps_set_updated_at
before update on public.case_plan_steps
for each row
execute function public.set_current_timestamp_updated_at();

create trigger visits_set_updated_at
before update on public.visits
for each row
execute function public.set_current_timestamp_updated_at();

create trigger visit_procedures_set_updated_at
before update on public.visit_procedures
for each row
execute function public.set_current_timestamp_updated_at();

create trigger case_implants_set_updated_at
before update on public.case_implants
for each row
execute function public.set_current_timestamp_updated_at();

create or replace function public.sync_case_implant_snapshot()
returns trigger
language plpgsql
as $$
declare
  target_visit_id uuid;
  target_case_id uuid;
  target_owner_id uuid;
  target_visited_on date;
begin
  if tg_op = 'DELETE' then
    target_visit_id := old.visit_id;
  else
    target_visit_id := new.visit_id;
  end if;

  select v.case_id, v.owner_user_id, v.visited_on
    into target_case_id, target_owner_id, target_visited_on
  from public.visits v
  where v.id = target_visit_id;

  if target_case_id is null then
    return coalesce(new, old);
  end if;

  if tg_op = 'DELETE' and old.procedure_type = 'implant_placement' then
    delete from public.case_implants
    where case_id = target_case_id
      and source_visit_procedure_id = old.id;

    insert into public.case_implants (
      owner_user_id,
      case_id,
      source_visit_procedure_id,
      brand,
      model,
      diameter_mm,
      length_mm,
      placed_on
    )
    select
      v.owner_user_id,
      v.case_id,
      vp.id,
      vp.implant_brand,
      vp.implant_model,
      vp.implant_diameter_mm,
      vp.implant_length_mm,
      v.visited_on
    from public.visit_procedures vp
    join public.visits v on v.id = vp.visit_id
    where v.case_id = target_case_id
      and vp.procedure_type = 'implant_placement'
    order by v.visited_on desc, vp.created_at desc
    limit 1
    on conflict (case_id) do update set
      owner_user_id = excluded.owner_user_id,
      source_visit_procedure_id = excluded.source_visit_procedure_id,
      brand = excluded.brand,
      model = excluded.model,
      diameter_mm = excluded.diameter_mm,
      length_mm = excluded.length_mm,
      placed_on = excluded.placed_on,
      updated_at = now();

    return old;
  end if;

  if tg_op <> 'DELETE' and new.procedure_type = 'implant_placement' then
    insert into public.case_implants (
      owner_user_id,
      case_id,
      source_visit_procedure_id,
      brand,
      model,
      diameter_mm,
      length_mm,
      placed_on
    )
    values (
      target_owner_id,
      target_case_id,
      new.id,
      new.implant_brand,
      new.implant_model,
      new.implant_diameter_mm,
      new.implant_length_mm,
      target_visited_on
    )
    on conflict (case_id) do update set
      owner_user_id = excluded.owner_user_id,
      source_visit_procedure_id = excluded.source_visit_procedure_id,
      brand = excluded.brand,
      model = excluded.model,
      diameter_mm = excluded.diameter_mm,
      length_mm = excluded.length_mm,
      placed_on = excluded.placed_on,
      updated_at = now();
  end if;

  return coalesce(new, old);
end;
$$;

create trigger visit_procedures_sync_case_implant_after_write
after insert or update or delete on public.visit_procedures
for each row
execute function public.sync_case_implant_snapshot();

insert into public.tooth_positions (code, label, arch, quadrant, sort_order)
values
  ('18', '18', 'upper', 1, 1),
  ('17', '17', 'upper', 1, 2),
  ('16', '16', 'upper', 1, 3),
  ('15', '15', 'upper', 1, 4),
  ('14', '14', 'upper', 1, 5),
  ('13', '13', 'upper', 1, 6),
  ('12', '12', 'upper', 1, 7),
  ('11', '11', 'upper', 1, 8),
  ('21', '21', 'upper', 2, 9),
  ('22', '22', 'upper', 2, 10),
  ('23', '23', 'upper', 2, 11),
  ('24', '24', 'upper', 2, 12),
  ('25', '25', 'upper', 2, 13),
  ('26', '26', 'upper', 2, 14),
  ('27', '27', 'upper', 2, 15),
  ('28', '28', 'upper', 2, 16),
  ('38', '38', 'lower', 3, 17),
  ('37', '37', 'lower', 3, 18),
  ('36', '36', 'lower', 3, 19),
  ('35', '35', 'lower', 3, 20),
  ('34', '34', 'lower', 3, 21),
  ('33', '33', 'lower', 3, 22),
  ('32', '32', 'lower', 3, 23),
  ('31', '31', 'lower', 3, 24),
  ('41', '41', 'lower', 4, 25),
  ('42', '42', 'lower', 4, 26),
  ('43', '43', 'lower', 4, 27),
  ('44', '44', 'lower', 4, 28),
  ('45', '45', 'lower', 4, 29),
  ('46', '46', 'lower', 4, 30),
  ('47', '47', 'lower', 4, 31),
  ('48', '48', 'lower', 4, 32)
on conflict (code) do nothing;

insert into public.treatment_templates (key, label, description)
values
  ('arp_to_implant', 'ARP -> Implant', 'Socket preservation followed by delayed implant placement.'),
  ('gbr_to_implant', 'GBR -> Implant', 'Guided bone regeneration with later implant placement.'),
  ('iip', 'IIP', 'Immediate implant placement workflow.'),
  ('healed_ridge', 'Healed Ridge', 'Implant placement on healed ridge.'),
  ('sinus_lift_to_implant', 'Sinus Lift -> Implant', 'Sinus augmentation followed by implant placement.')
on conflict (key) do update set
  label = excluded.label,
  description = excluded.description,
  is_active = true;

insert into public.treatment_template_steps (
  template_key,
  step_order,
  title,
  procedure_type,
  default_offset_days,
  default_note
)
values
  ('arp_to_implant', 1, 'ARP', 'arp', 0, 'Bone graft and membrane as needed.'),
  ('arp_to_implant', 2, 'Implant Placement', 'implant_placement', 120, null),
  ('arp_to_implant', 3, 'Stage 2 / Healing Abutment', 'stage_2_healing_abutment', 90, null),
  ('arp_to_implant', 4, 'Impression / Scan', 'impression_scan', 14, null),
  ('arp_to_implant', 5, 'Delivery', 'delivery', 14, null),
  ('gbr_to_implant', 1, 'GBR', 'gbr', 0, 'Bone graft and membrane as needed.'),
  ('gbr_to_implant', 2, 'Implant Placement', 'implant_placement', 180, null),
  ('gbr_to_implant', 3, 'Stage 2 / Healing Abutment', 'stage_2_healing_abutment', 120, null),
  ('gbr_to_implant', 4, 'Impression / Scan', 'impression_scan', 14, null),
  ('gbr_to_implant', 5, 'Delivery', 'delivery', 14, null),
  ('iip', 1, 'Implant Placement', 'implant_placement', 0, null),
  ('iip', 2, 'Stage 2 / Healing Abutment', 'stage_2_healing_abutment', 90, null),
  ('iip', 3, 'Impression / Scan', 'impression_scan', 14, null),
  ('iip', 4, 'Delivery', 'delivery', 14, null),
  ('healed_ridge', 1, 'Implant Placement', 'implant_placement', 0, null),
  ('healed_ridge', 2, 'Stage 2 / Healing Abutment', 'stage_2_healing_abutment', 90, null),
  ('healed_ridge', 3, 'Impression / Scan', 'impression_scan', 14, null),
  ('healed_ridge', 4, 'Delivery', 'delivery', 14, null),
  ('sinus_lift_to_implant', 1, 'Sinus Lift', 'sinus_lift', 0, 'Select lateral window or crestal approach.'),
  ('sinus_lift_to_implant', 2, 'Implant Placement', 'implant_placement', 240, null),
  ('sinus_lift_to_implant', 3, 'Stage 2 / Healing Abutment', 'stage_2_healing_abutment', 120, null),
  ('sinus_lift_to_implant', 4, 'Impression / Scan', 'impression_scan', 14, null),
  ('sinus_lift_to_implant', 5, 'Delivery', 'delivery', 14, null)
on conflict (template_key, step_order) do update set
  title = excluded.title,
  procedure_type = excluded.procedure_type,
  default_offset_days = excluded.default_offset_days,
  default_note = excluded.default_note;

alter table public.patients enable row level security;
alter table public.cases enable row level security;
alter table public.case_plan_steps enable row level security;
alter table public.visits enable row level security;
alter table public.visit_procedures enable row level security;
alter table public.case_implants enable row level security;
alter table public.visit_photos enable row level security;
alter table public.tooth_positions enable row level security;
alter table public.treatment_templates enable row level security;
alter table public.treatment_template_steps enable row level security;

create policy "patients owner access"
on public.patients
for all
to authenticated
using (owner_user_id = auth.uid())
with check (owner_user_id = auth.uid());

create policy "cases owner access"
on public.cases
for all
to authenticated
using (owner_user_id = auth.uid())
with check (owner_user_id = auth.uid());

create policy "case_plan_steps owner access"
on public.case_plan_steps
for all
to authenticated
using (owner_user_id = auth.uid())
with check (owner_user_id = auth.uid());

create policy "visits owner access"
on public.visits
for all
to authenticated
using (owner_user_id = auth.uid())
with check (owner_user_id = auth.uid());

create policy "visit_procedures owner access"
on public.visit_procedures
for all
to authenticated
using (owner_user_id = auth.uid())
with check (owner_user_id = auth.uid());

create policy "case_implants owner access"
on public.case_implants
for all
to authenticated
using (owner_user_id = auth.uid())
with check (owner_user_id = auth.uid());

create policy "visit_photos owner access"
on public.visit_photos
for all
to authenticated
using (owner_user_id = auth.uid())
with check (owner_user_id = auth.uid());

create policy "tooth_positions read"
on public.tooth_positions
for select
to authenticated
using (true);

create policy "treatment_templates read"
on public.treatment_templates
for select
to authenticated
using (true);

create policy "treatment_template_steps read"
on public.treatment_template_steps
for select
to authenticated
using (true);

insert into storage.buckets (id, name, public)
values ('case-photos', 'case-photos', false)
on conflict (id) do update set public = false;

create policy "case photos read"
on storage.objects
for select
to authenticated
using (
  bucket_id = 'case-photos'
  and (storage.foldername(name))[1] = auth.uid()::text
);

create policy "case photos upload"
on storage.objects
for insert
to authenticated
with check (
  bucket_id = 'case-photos'
  and (storage.foldername(name))[1] = auth.uid()::text
);

create policy "case photos update"
on storage.objects
for update
to authenticated
using (
  bucket_id = 'case-photos'
  and (storage.foldername(name))[1] = auth.uid()::text
)
with check (
  bucket_id = 'case-photos'
  and (storage.foldername(name))[1] = auth.uid()::text
);

create policy "case photos delete"
on storage.objects
for delete
to authenticated
using (
  bucket_id = 'case-photos'
  and (storage.foldername(name))[1] = auth.uid()::text
);
